{"cameraMode":{"drawMode":0,"name":"Shaded","section":"Shading Mode"},"sceneLighting":false,"audioPlay":false,"sceneViewState":{"m_AlwaysRefresh":false,"showFog":true,"showSkybox":false,"showFlares":true,"showImageEffects":true,"showParticleSystems":true,"showVisualEffectGraphs":true,"m_FxEnabled":true},"in2DMode":false,"pivot":{"x":-142.55223083496095,"y":25.383197784423829,"z":47.033905029296878},"rotation":{"x":-0.2785506546497345,"y":0.012963091023266316,"z":-0.00375987496227026,"w":-0.9603297710418701},"size":40.992462158203128,"orthographic":false}